{"cameraMode":{"drawMode":0,"name":"Shaded","section":"Shading Mode"},"sceneLighting":true,"audioPlay":false,"sceneViewState":{"showFog":true,"showMaterialUpdate":false,"showSkybox":true,"showFlares":true,"showImageEffects":true,"showParticleSystems":true},"in2DMode":false,"pivot":{"x":940.6590576171875,"y":-224.2459716796875,"z":845.578857421875},"rotation":{"x":-0.5942219495773315,"y":-0.005556817166507244,"z":0.0041052051819860939,"w":-0.8042714595794678},"size":1918.7288818359375,"orthographic":false}