{"cameraMode":{"drawMode":0,"name":"Shaded","section":"Shading Mode"},"sceneLighting":true,"audioPlay":false,"sceneViewState":{"showFog":true,"showMaterialUpdate":false,"showSkybox":true,"showFlares":true,"showImageEffects":true,"showParticleSystems":true},"in2DMode":false,"pivot":{"x":1071.1981201171875,"y":1.4952905178070069,"z":1196.6224365234375},"rotation":{"x":-0.21925893425941468,"y":0.3198752701282501,"z":-0.07635229825973511,"w":-0.9185726046562195},"size":3.301095724105835,"orthographic":false}