{"cameraMode":{"drawMode":0,"name":"Shaded","section":"Shading Mode"},"sceneLighting":true,"audioPlay":false,"sceneViewState":{"showFog":true,"showMaterialUpdate":false,"showSkybox":true,"showFlares":true,"showImageEffects":true,"showParticleSystems":true},"in2DMode":false,"pivot":{"x":-47.585052490234378,"y":-323.1343994140625,"z":-340.7783203125},"rotation":{"x":-0.4060826003551483,"y":0.08941712230443955,"z":-0.039964139461517337,"w":-0.9085727334022522},"size":2318.473388671875,"orthographic":false}